,00,000,0001zd,0004es,0007b1d4,00085k,000e,000miles,000s,000th,...,해보자,허락없이,헤어디자이너,현재,호황을,홈쇼핑의,확실한,활황을,훨씬,힘입어
0001.ea7e79d3153e7469e7a9c3e0af6a357e,0.0,0.0,0.0,0.0,0.0,0.0,0.0,0.0,0.0,0.0,...,0.0,0.0,0.0,0.0,0.0,0.0,0.0,0.0,0.0,0.0
0002.b3120c4bcbf3101e661161ee7efcb8bf,0.0,0.0,0.0,0.0,0.0,0.0,0.0,0.0,0.0,0.0,...,0.0,0.0,0.0,0.0,0.0,0.0,0.0,0.0,0.0,0.0
0003.acfc5ad94bbd27118a0d8685d18c89dd,0.0,0.0,0.0,0.0,0.0,0.0,0.0,0.0,0.0,0.0,...,0.0,0.0,0.0,0.0,0.0,0.0,0.0,0.0,0.0,0.0
0004.e8d5727378ddde5c3be181df593f1712,0.0,0.0,0.0,0.0,0.0,0.0,0.0,0.0,0.0,0.0,...,0.0,0.0,0.0,0.0,0.0,0.0,0.0,0.0,0.0,0.0
0005.8c3b9e9c0f3f183ddaf7592a11b99957,0.0,0.0,0.0,0.0,0.0,0.0,0.0,0.0,0.0,0.0,...,0.0,0.0,0.0,0.0,0.0,0.0,0.0,0.0,0.0,0.0
...,...,...,...,...,...,...,...,...,...,...,...,...,...,...,...,...,...,...,...,...,...
0496.e995facc5d5bc6d3f3a8537d35e0432a,0.0,0.0,0.0,0.0,0.0,0.0,0.0,0.0,0.0,0.0,...,0.0,0.0,0.0,0.0,0.0,0.0,0.0,0.0,0.0,0.0
0497.9307bd1fb5347f9fbf1f54ebe95b1d20,0.0,0.0,0.0,0.0,0.0,0.0,0.0,0.0,0.0,0.0,...,0.0,0.0,0.0,0.0,0.0,0.0,0.0,0.0,0.0,0.0
0498.863566df8e5f17f979edca79d1e87187,0.0,0.0,0.0,0.0,0.0,0.0,0.0,0.0,0.0,0.0,...,0.0,0.0,0.0,0.0,0.0,0.0,0.0,0.0,0.0,0.0
0499.4a17fbd7fe71705e09b4dd2e24d802dd,0.0,0.0,0.0,0.0,0.0,0.0,0.0,0.0,0.0,0.0,...,0.0,0.0,0.0,0.0,0.0,0.0,0.0,0.0,0.0,0.0
0500.2e8762b67913d1b07bc8da293448d27f,0.0,0.0,0.0,0.0,0.0,0.0,0.0,0.0,0.0,0.0,...,0.0,0.0,0.0,0.0,0.0,0.0,0.0,0.0,0.0,0.0
